<application>
  <component name="CodotaSettings">
    <option name="methodCompletionsPercentageSet" value="true" />
    <option name="id" value="cbfd7f7d-a553-438c-82a3-499dd4c393a8" />
    <option name="wasRunBefore" value="true" />
    <option name="firstRun" value="1577506081814" />
    <option name="generation" value="80" />
    <option name="updateGeneration" value="1" />
    <option name="isInJSBeta" value="YES" />
    <option name="isMethodCompletionsPercentageActive" value="true" />
    <option name="isMethodCompletionsPercentageSet" value="true" />
  </component>
</application>